{
  "No-Damage": {
    "precision": 0.9037656903765691,
    "recall": 0.7297297297297297,
    "f1-score": 0.8074766355140187,
    "support": 296.0
  },
  "Damage": {
    "precision": 0.773371104815864,
    "recall": 0.9222972972972973,
    "f1-score": 0.8412942989214176,
    "support": 296.0
  },
  "accuracy": 0.8260135135135135,
  "macro avg": {
    "precision": 0.8385683975962166,
    "recall": 0.8260135135135135,
    "f1-score": 0.8243854672177182,
    "support": 592.0
  },
  "weighted avg": {
    "precision": 0.8385683975962165,
    "recall": 0.8260135135135135,
    "f1-score": 0.8243854672177182,
    "support": 592.0
  }
}